Business Name,Street Address,City,State,Zip,Phone,Category
Mapleton One Stop,1689 Main St,Mapleton,ME,04757,(207) 764-8547,Convenience Store
Mapleton Diner,1716 Main St,Mapleton,ME,04757,(207) 764-0056,Restaurant
Mapleton Oil Co,39 Hughes Rd,Mapleton,ME,04757,(207) 764-6039,Fuel Oil
Mastro Motors Inc,1689 Main St,Mapleton,ME,04757,(207) 769-2201,Auto Sales
Mapleton Town Office,103 Pulcifur Rd,Mapleton,ME,04757,(207) 764-3754,Government
Mapleton Fire Department,117 Pulcifur Rd,Mapleton,ME,04757,(207) 760-8001,Emergency Services
USPS Mapleton Post Office,1754 Main St,Mapleton,ME,04757,(207) 764-5677,Post Office
Mapleton United Baptist Church,1633 Main St,Mapleton,ME,04757,(207) 764-6034,Church
Washburn Coffee Shop,1279 Main St,Washburn,ME,04786,(207) 455-4062,Restaurant
Country Farms Market,1284 Main St,Washburn,ME,04786,(207) 455-8057,Grocery Store
White's Service,1183 Main St,Washburn,ME,04786,(207) 455-8345,Auto Repair
Washburn Town Office,1287 Main St,Washburn,ME,04786,(207) 455-8485,Government
Washburn Memorial Public Library,1290 Main St,Washburn,ME,04786,(207) 455-4814,Library
USPS Washburn Post Office,9 Woodman St,Washburn,ME,04786,,Post Office
Cafe Sorpresso,26 Rum Rapids Rd,Washburn,ME,04786,,Restaurant
Krispy Krunchy Chicken,1094 Washburn Rd,Washburn,ME,04786,,Restaurant
Ashland 1-Stop (Citgo),117 Main St,Ashland,ME,04732,(207) 435-2202,Gas Station
Ashland's Diner,11 Exchange St,Ashland,ME,04732,(207) 435-8240,Restaurant
Qwik Stop II,5 Clark Siding Rd,Ashland,ME,04732,(207) 435-6595,Convenience Store
Freem's Bar And Grill,Main St,Ashland,ME,04732,(207) 435-7113,Bar & Grill
Ashland Food Mart,256 Presque Isle Rd,Ashland,ME,04732,(207) 435-6451,Grocery Store
Ashland Drug Store,73 Presque Isle Rd,Ashland,ME,04732,(207) 435-6200,Pharmacy
USPS Ashland Post Office,14 Sheridan Rd,Ashland,ME,04732,(207) 435-3321,Post Office
Northwoods Diner,101 Main St,Ashland,ME,04732,(207) 435-2902,Restaurant
Carquest Auto Parts,11 Main St,Ashland,ME,04732,(207) 435-6940,Auto Parts
Gateway Variety,111 Garfield Rd,Ashland,ME,04732,(207) 435-6890,Convenience Store
Family Dollar,211 Presque Isle Rd,Ashland,ME,04732,,Discount Store
Prentiss & Carlisle,266 Masardis Rd,Ashland,ME,04732,,Forestry Management
