Business Name,Street Address,City,State,Zip,Phone,Email,Website,Category,Town,SuitableForAds
Apostolic Church in Jesus Name,697 Masardis Rd,Ashland,ME,04732,(207) 764-4207,,https://malls.fandom.com/wiki/Wendy's/Locations,Religion,Ashland,Yes
Aroostook Valley Health Center,33 Walker St,Ashland,ME,04732,(207) 435-6341,program.intake@usda.gov,https://kvhc.org,Healthcare,Ashland,Yes
Art's Appliance & Furniture,21 Main St A,Ashland,ME,04732,(207) 435-4151,customerservice@furniture.com,https://www.furniture.com/stores/maine/ashland,Appliance/Furniture,Ashland,Yes
Ashland 1-Stop (Citgo),117 Main St,Ashland,ME,04732,(207) 435-2202,,https://umaine.edu/undiscoveredmaine/aroostook-county-maine/central-aroostook/ashland/,Gas Station,Ashland,Yes
Ashland Advent Christian Church,42 Exchange St,Ashland,ME,04732,(207) 435-6669,county_boy87@hotmail.com,https://www.telephonedirectories.us/WhitePages/Ashland-ME,Religion,Ashland,Yes
Ashland Building Supply,25 Sheridan Rd,Ashland,ME,04732,(207) 435-6386,,https://en.wikipedia.org/wiki/Area_code_207,Building Supply,Ashland,Yes
Ashland Community Center,66 Station St,Ashland,ME,04732,(207) 435-6893,info@skatingfitness.com,https://townofashland.org,Community Center,Ashland,Yes
Ashland Community Library,57 Exchange St,Ashland,ME,04732,(207) 435-6532,library@townofashland.org,https://townofashland.org,Library,Ashland,Yes
Ashland Drug Store,73 Presque Isle Rd,Ashland,ME,04732,(207) 435-6200,,https://citydrugrx.com,Pharmacy,Ashland,Yes
Ashland Family Pharmacy,58 Main St,Ashland,ME,04732,(207) 435-6200,,https://citydrugrx.com,Pharmacy,Ashland,Yes
Ashland Food Mart,256 Presque Isle Rd,Ashland,ME,04732,(207) 435-6451,,https://ashlandfood.com,Convenience Store,Ashland,Yes
Ashland Health Center,60 Main St,Ashland,ME,04732,(207) 435-6341,program.intake@usda.gov,https://kvhc.org,Healthcare,Ashland,Yes
Ashland Historical Society,52 Main St,Ashland,ME,04732,(207) 435-6532,,https://townofashland.org,Historical Society,Ashland,Yes
Ashland Recreation,64 Station St,Ashland,ME,04732,(207) 762-1882,macie.elwell@townofashland.org,https://townofashland.org,Recreation,Ashland,Yes
Ashland Schools,68 Station St,Ashland,ME,04732,(207) 435-3481,,https://sad32.org,School District,Ashland,No
Ashland Town Office,62 Station St,Ashland,ME,04732,(207) 435-3211,townmanager@townofashland.org,https://townofashland.org,Government,Ashland,No
Ashland Union Congregational Church (UCC),48 Sheridan Rd,Ashland,ME,04732,(207) 435-6752,,https://www.2findlocal.com/l/n1t1031-ashland-me,Religion,Ashland,Yes
Ashland's Diner,11 Exchange St,Ashland,ME,04732,(207) 435-8240,,https://www.phonelookup.com/ME/ashland,Restaurant,Ashland,No
Burby Repair LLC,54 Main St,Ashland,ME,04732,(207) 435-9010,,https://www.adsinterlock.com/locations/me/ashland/54-main-st,Auto Repair,Ashland,No
CARQUEST Auto Parts,11 Main St,Ashland,ME,04732,(207) 435-6940,,https://carquest.com,Auto Parts,Ashland,Yes
Daigle Oil Co,67 Main St,Ashland,ME,04732,(207) 435-8251,,https://daigleoil.com,Fuel,Ashland,No
Family Dollar,211 Presque Isle Rd,Ashland,ME,04732,(207) 544-7813,,https://familydollar.com,Discount Store,Ashland,Yes
Freem's Bar And Grill,Main St,Ashland,ME,04732,(207) 435-7113,,https://restaurantguru.com/Freems-Ashland-Maine,Bar & Grill,Ashland,No
Gateway Trading Post Inc,111 Garfield Rd,Ashland,ME,04732,(207) 435-6890,,https://www.maine.gov/ifw/hunting-trapping/hunting/registration-stations/tagging-stations.html,General Store,Ashland,Yes
Katahdin Trust Company,17 Main St,Ashland,ME,04732,(207) 435-6461,customerservice@katahdintrust.com,https://katahdintrust.com,Bank,Ashland,Yes
Northeast Pellets,53 Realty Rd,Ashland,ME,04732,(207) 435-6230,northeastpellets@aol.com,https://northeastpellets.net,Fuel,Ashland,No
Northwoods Diner / Old Post Cafe,101 Main St,Ashland,ME,04732,(207) 435-2902,,https://www.telephonedirectories.us/WhitePages/Ashland-ME,Restaurant,Ashland,No
Old Post Cafe,101 Main St,Ashland,ME,04732,(207) 435-2902,,https://www.usphonebook.com/norman-willette/UgjNwcjM4cjMygzN5UDM0MTNyMzR,Restaurant,Ashland,No
Prentiss & Carlisle,266 Masardis Rd,Ashland,ME,04732,(207) 435-6249,,https://prentissandcarlisle.com,Forestry Management,Ashland,No
Qwik Stop II,5 Clark Siding Rd,Ashland,ME,04732,(207) 435-6595,,https://umaine.edu/undiscoveredmaine/aroostook-county-maine/central-aroostook/ashland/,Convenience Store,Ashland,Yes
St. Mark Catholic Church,Allen Farm Rd,Ashland,ME,04732,(207) 435-6669,,https://masstime.us/st-mark-catholic-church-ashland-maine/,Religion,Ashland,Yes
Stimson-Ouellette Funeral Home,114 Exchange St,Ashland,ME,04732,(207) 435-6030,,https://ouellettefuneralhome.com,Funeral Home,Ashland,Yes
USPS Ashland Post Office,14 Sheridan Rd,Ashland,ME,04732,(207) 435-3321,,https://usps.com,Post Office,Ashland,Yes
AIM Recycling Caribou,208 Limestone St,Caribou,ME,04736,(207) 492-1182,,https://scrapyardfinder.com/aim-recycling-caribou/,Recycling Center,Caribou,No
Advance Auto Parts,3 Armco Ave,Caribou,ME,04736,(207) 492-0027,,https://advanceautoparts.com,Auto Parts,Caribou,Yes
Affordable Finds,82 Herschel St,Caribou,ME,04736,(207) 492-9555,,https://www.tiktok.com/discover/dollar-general-caribou-maine,Thrift Shop,Caribou,Yes
Aroostook Savings & Loan,43 High St,Caribou,ME,04736,(207) 498-8726,customerservice@yourhomebank.com,https://yourhomebank.com,Bank,Caribou,Yes
Beaulieu's Garage & Body Shop,490 Main St,Caribou,ME,04736,(207) 492-2471,,https://beaulieusgarageandbodyshop.com,Auto Repair,Caribou,No
Bernard-Coury Realty,128 High St,Caribou,ME,04736,(207) 492-4571,,https://www.telephonedirectories.us/Business/Real_Estate/ME,Real Estate,Caribou,Yes
Best Western Caribou Inn,19 Main St,Caribou,ME,04736,(207) 498-3733,info@caribouinn.com,https://bestwestern.com,Hotel,Caribou,Yes
Big Cheese Pizza,556 Main St,Caribou,ME,04736,(207) 493-3030,,https://bcpizza.wixsite.com/bigcheesepizza,Restaurant,Caribou,No
Brambleberry Market,25 Sweden St,Caribou,ME,04736,(207) 498-8000,,https://umaine.edu/undiscoveredmaine/aroostook-county-maine/central-aroostook/welcome-to-caribou/caribou-shops-services/,Gift Shop,Caribou,Yes
Burger Boy,234 Sweden St,Caribou,ME,04736,(207) 498-3139,,https://burger-boy.com,Restaurant,Caribou,No
Burger King,162 Bennett Dr,Caribou,ME,04736,(207) 498-3500,,https://bk.com,Restaurant,Caribou,Yes
CARQUEST Auto Parts,3 Armco Ave,Caribou,ME,04736,(207) 498-6573,,https://carquest.com,Auto Parts,Caribou,Yes
CITGO,89 Bennett Dr,Caribou,ME,04736,(207) 498-2417,,https://citgo.com,Gas Station,Caribou,Yes
Calvary Baptist Church,46 Access Hwy,Caribou,ME,04736,(207) 493-6608,info@maineneeds.org,http://www.cariboucalvary.org/,Religion,Caribou,Yes
Caribou Area Chamber of Commerce,657 Main St,Caribou,ME,04736,(207) 498-6156,ccac@cariboumaine.net,https://centralaroostookchamber.com,Chamber,Caribou,Yes
Caribou Assembly of God,116 Sweden St,Caribou,ME,04736,(207) 498-3634,,https://www.joinmychurch.com/churches/Caribou-Assembly-of-God-Caribou-Maine-United-States/114259,Religion,Caribou,Yes
Caribou Automotive Repair Services,13 Laurette St,Caribou,ME,04736,(207) 498-4141,,https://usa-services.worldorgs.com/catalog/caribou/auto-repair/caribou-automotive-repair-services,Auto Repair,Caribou,No
Caribou Bowl-A-Drome,97 Bennett Dr,Caribou,ME,04736,(207) 498-3386,,https://umaine.edu/undiscoveredmaine/aroostook-county-maine/central-aroostook/welcome-to-caribou/caribou-dining/,Restaurant & Bowling,Caribou,No
Caribou Church of Christ,9 Laurette Cir,Caribou,ME,04736,(207) 496-5361,,https://churchofchristlist.org/church/caribou-church-of-christ-caribou-me/,Religion,Caribou,Yes
Caribou Country Club,117 Country Club Dr,Caribou,ME,04736,(207) 498-2561,proshop@caribougolf.com,https://caribougolf.com,Golf Course,Caribou,Yes
Caribou Dental,167 Van Buren Rd,Caribou,ME,04736,(207) 498-2531,,https://www.processingbordeaux.org/207a/498p2,Dentist,Caribou,Yes
Caribou Eye Care P.A.,43 Hatch Dr Suite 150,Caribou,ME,04736,(207) 498-2538,jillian@cariboueyecare.com,https://cariboueyecare.com,Optometry,Caribou,Yes
Caribou Family Medicine,161 Van Buren Rd,Caribou,ME,04736,(207) 498-3141,,https://northernlighthealth.org,Healthcare,Caribou,Yes
Caribou Fire Department,25 High St,Caribou,ME,04736,(207) 493-4261,firechief@cariboumaine.org,https://cariboumaine.org,Fire Department,Caribou,No
Caribou Florist & Greenhouse,137 Sweden St,Caribou,ME,04736,(207) 498-2296,noyesflowers@gmail.com,https://noyesflowers.square.site,Florist,Caribou,Yes
Caribou Ford Lincoln,169 Bennett Dr,Caribou,ME,04736,(207) 498-3100,s.bradley@griffethford.com,https://griffethford.com,Auto Dealer,Caribou,Yes
Caribou Laundry & Dry Cleaning,31 Sweden St,Caribou,ME,04736,(207) 498-6144,hedrichllc@gmail.com,https://opengovca.com/place/ChIJM8e_tVK4vEwRd9bIRktSfKU,Dry Cleaner,Caribou,Yes
Caribou Parks & Recreation Department,55 Bennett Dr,Caribou,ME,04736,(207) 493-4224,,https://cariboumaine.org,Government,Caribou,No
Caribou Police Department,25 High St,Caribou,ME,04736,(207) 493-4201,policechief@cariboumaine.org,https://cariboumaine.org,Police,Caribou,No
Caribou Public Library,30 High St,Caribou,ME,04736,(207) 493-4214,librarydirector@cariboumaine.org,https://cariboumaine.org,Library,Caribou,Yes
Caribou Rehab & Nursing Center,10 Bernadette St,Caribou,ME,04736,(207) 498-3102,,https://caribourehab.com,Healthcare,Caribou,Yes
Caribou Seventh-day Adventist Church,650 Main St,Caribou,ME,04736,(207) 768-6251,caribousdafellowship@gmail.com,https://cariboume.adventistchurch.org/,Religion,Caribou,Yes
Caribou Sub Shop,264 Sweden St,Caribou,ME,04736,(207) 498-6021,,https://www.themainemenu.com/businesses/cindys-sub-shop/,Restaurant,Caribou,No
Caribou Town Office,25 High St,Caribou,ME,04736,(207) 493-3324,dbrissette@cariboumaine.org,https://cariboumaine.org,Government,Caribou,No
Caribou UU Congregation,3 Grove St,Caribou,ME,04736,(207) 496-5683,,https://www.unitedstateschurches.com/denominations/unitarian-universalist/maine/,Religion,Caribou,Yes
Caribou Veterinary Clinic,31 Herschel St,Caribou,ME,04736,(207) 498-3873,,https://www.wellness.com/dir/2891976/animal-hospital/me/caribou/caribou-veterinary-clinic,Veterinary,Caribou,Yes
Caribou Ward (LDS),67 Paris Snow Dr,Caribou,ME,04736,(207) 492-4381,,https://www.archives.com/genealogy/records-maine.html,Religion,Caribou,Yes
Cary Medical Center,163 Van Buren Rd,Caribou,ME,04736,(207) 498-3111,,https://carymedicalcenter.org,Hospital,Caribou,Yes
Chadwick-BaRoss,314 Main St,Caribou,ME,04736,(207) 498-2547,,https://www.smhgroup-us.com/location-chadwick-baross-caribou.htm,Building Materials,Caribou,Yes
Cindy's Sub Shop,264 Sweden St,Caribou,ME,04736,(207) 498-2525,,https://www.allbiz.com/business/nancy-thibodeau-207-498-2525,Restaurant,Caribou,No
Circle K,89 High St,Caribou,ME,04736,(207) 492-1701,,https://www.circlek.com,Convenience Store/Gas,Caribou,Yes
Circle K / Irving Oil,35 Bennett Dr,Caribou,ME,04736,(207) 498-6474,,https://circlek.com,Gas Station,Caribou,Yes
Circle K / On the Run,1117 Bennett Dr,Caribou,ME,04736,(207) 498-3655,,https://www.circlek.com,Convenience Store/Gas,Caribou,Yes
Clukey's Parts & Equipment,118 Bennett Dr,Caribou,ME,04736,(207) 498-2707,,https://www.bizarchive.com/business/clukeys-parts-equipment-inc-caribou,Equipment,Caribou,Yes
County Cuts,539 Main St,Caribou,ME,04736,(207) 492-1102,,https://www.cybo.com/US-biz/alphies-barber-shop,Barber Shop,Caribou,Yes
County Sports Inc.,285 Sweden St,Caribou,ME,04736,(207) 492-6072,countysports1@maine.rr.com,https://www.countysportsinc.com/,Sporting Goods,Caribou,Yes
Crown Veterinary Services,160 Access Hwy,Caribou,ME,04736,(207) 498-2941,,https://www.weather.gov/car/,Veterinarian,Caribou,Yes
David Soucy Attorney,144 Sweden St,Caribou,ME,04736,(207) 493-3144,ronald.daigle@co.lincoln.wa.us,https://www.allbiz.com/business/judiciary-courts-of-the-state-of-maine_26p-207-493-3144,Legal,Caribou,Yes
Dollar General,88 Sweden St,Caribou,ME,04736,(207) 401-5223,digitalcare@dollargeneral.com,https://dollargeneral.com,Retail,Caribou,Yes
Dollar Tree,124 Bennett Dr,Caribou,ME,04736,(207) 498-2010,,https://dollartree.com,Retail,Caribou,Yes
Dunkin',43 Bennett Dr,Caribou,ME,04736,(207) 498-2032,,https://dunkindonuts.com,Coffee Shop,Caribou,Yes
Evergreen Lanes,60 Access Hwy,Caribou,ME,04736,(207) 498-8687,,https://usarestaurants.info/explore/united-states/maine/aroostook-county/caribou/evergreen-lanes-featuring-the-rendezvous-restaurant-207-498-8687.htm,Bowling/Restaurant,Caribou,No
F.A. Peabody Insurance,25 Sweden St STE C,Caribou,ME,04736,(207) 498-2523,,https://www.cityunwrapped.com/travel-insurance/maine-travel-insurance/,Insurance,Caribou,Yes
Faith Lutheran Church,18 Sweden St Ste 3,Caribou,ME,04736,(207) 498-8349,,https://www.joinmychurch.com/churches/Faith-Lutheran-Church-Caribou-Maine-United-States/142506,Religion,Caribou,Yes
Family Dental Care Caribou,1 Birdseye Ave,Caribou,ME,04736,(207) 492-4841,lrichards@carymed.org,https://www.deltadental.com/member/find-a-dentist/maine/caribou-dentists/,Dental,Caribou,Yes
Family Dollar,30-42 Skyway Dr,Caribou,ME,04736,(207) 760-4219,,https://familydollar.com,Retail,Caribou,Yes
Fox Den Tattoo,342 Sweden St # B,Caribou,ME,04736,(207) 227-2804,,https://www.tattooed.co/shop/10386/fox-den-tattoo/,Tattoo Shop,Caribou,Yes
Frederick's Southside Restaurant,507 Main St,Caribou,ME,04736,(207) 498-3464,,http://frederick-s-southside.edan.io,Restaurant,Caribou,No
Frontier Pharmacy,153 Bennett Dr,Caribou,ME,04736,(207) 493-7771,,https://myfrontierpharmacy.com,Pharmacy,Caribou,Yes
Gagnon's Auto & RV Sales Inc.,500 Main St,Caribou,ME,04736,(888) 621-8937,info@gagnon-inc.com,https://gagnon-inc.com/,Auto Dealer,Caribou,Yes
Gallagher Insurance Agency,562 Main St,Caribou,ME,04736,(207) 498-8775,,https://www.intelius.com/phone/1-207-498-8775/,Insurance,Caribou,Yes
Gifts Galore,159 Bennett Dr,Caribou,ME,04736,(207) 492-2394,,https://umaine.edu/undiscoveredmaine/aroostook-county-maine/central-aroostook/welcome-to-caribou/caribou-shops-services/,Gift Shop,Caribou,Yes
Gills Point S Tire & Auto,84 Water St,Caribou,ME,04736,(207) 492-1500,,https://gillspointstire.com,Auto Repair,Caribou,No
Gray Memorial United Methodist Church,2 Prospect St,Caribou,ME,04736,(207) 498-2103,,https://bukutelepon.cybo.com/US/caribou/gereja/,Religion,Caribou,Yes
Greenhouse Restaurant,19 Main St,Caribou,ME,04736,(207) 498-3733,info@caribouinn.com,https://bestwestern.com,Restaurant,Caribou,No
Griffeth Ford,16 Access Hwy,Caribou,ME,04736,(888) 426-6143,s.bradley@griffethford.com,https://griffethford.com,Auto Dealer,Caribou,Yes
Griffeth Mitsubishi,16 Access Hwy,Caribou,ME,04736,(207) 496-3111,ds@maineautomall.com,https://www.maineautomall.com/find-a-car-dealer/,Auto Dealer,Caribou,Yes
H&R Block,658 Main St Ste 3,Caribou,ME,04736,(207) 498-2561,,http://www.financialadvisoryfirms.com/H_and_R_Block_Accounting-_Auditing-_and_Bookkeeping_Services_in_Caribou_Maine_39802,Tax Preparation,Caribou,Yes
Hair Affair,169 High St STE C,Caribou,ME,04736,(207) 493-4470,,https://www.fresha.com/lp/en/bt/beauty-salons/in/us-rural-maine,Beauty Salon,Caribou,Yes
Haney's Building Specialties,236 Van Buren Rd,Caribou,ME,04736,(207) 492-1323,,https://www.mystore411.com/store/list_state/692/Maine/KitchenAid-store-locations,Building Supplies,Caribou,Yes
Hannaford Supermarket & Pharmacy,114 High St,Caribou,ME,04736,(207) 498-8824,,https://hannaford.com,Grocery Store,Caribou,Yes
Heidi Silver Attorney,14 Access Hwy,Caribou,ME,04736,(207) 496-3792,,https://mainelegislature.org/doc/4133,Legal,Caribou,Yes
Highway Tire Inc.,470 Main St,Caribou,ME,04736,(207) 496-5843,highwaytireandauto@gmail.com,https://highwaytireinc.com,Auto Tires,Caribou,Yes
Holy Rosary Church,34 Vaughn St,Caribou,ME,04736,(207) 498-2536,ppb@portlanddiocese.org,https://catholicmasstime.org/church/holy-rosary/15034/,Religion,Caribou,Yes
Home Sweet Salon,203 Sweden St,Caribou,ME,04736,(207) 498-2229,,https://www.fresha.com/lp/en/bt/beauty-salons/in/us-rural-maine,Beauty Salon,Caribou,Yes
Jade Palace Restaurant,30 Skyway Dr,Caribou,ME,04736,(207) 498-3648,,https://umaine.edu/undiscoveredmaine/destinations/dining/international/,Restaurant,Caribou,No
Jehovah's Witnesses Kingdom Hall,596 Sweden St,Caribou,ME,04736,(207) 493-7791,,https://www.mylife.com/mona-michael/e498103426650,Religion,Caribou,Yes
Katahdin Trust Company,105 Bennett Dr,Caribou,ME,04736,(207) 498-3131,customerservice@katahdintrust.com,https://katahdintrust.com,Bank,Caribou,Yes
KeyBank,144 High St,Caribou,ME,04736,(207) 492-2151,,https://key.com,Bank,Caribou,Yes
Kieffer Real Estate,101 High St,Caribou,ME,04736,(207) 498-2900,,https://www.landsearch.com/properties/highlanding-camps-quimby-me-04768/4804199,Real Estate,Caribou,Yes
Lancaster-Morgan Funeral Home,11 Clover St,Caribou,ME,04736,(207) 492-2171,dhunter@lancastermorgan.com,https://lancastermorgan.com,Funeral Home,Caribou,Yes
Leo & Sons CITGO,521 Main St,Caribou,ME,04736,(207) 498-3425,,https://www.horoscope.com/zodiac-signs/leo,Gas Station & Auto Repair,Caribou,No
Machias Savings Bank,142 Bennett Dr,Caribou,ME,04736,(207) 498-6014,,https://machiassavings.bank,Bank,Caribou,Yes
Maine Veterans' Homes - Caribou,163 Van Buren Rd Suite 2,Caribou,ME,04736,(207) 498-6074,info@mainevets.org,https://maineveteranshomes.org,Healthcare,Caribou,Yes
Matthew Hunter Attorney,303 Sweden St,Caribou,ME,04736,(207) 492-2138,office@sanfordlaw.com,https://solmanhunter.com,Legal,Caribou,Yes
McDonald's,127 Bennett Dr,Caribou,ME,04736,(207) 498-2181,,https://mcdonalds.com,Restaurant,Caribou,Yes
Mike's Quik Stop & Deli,907 Presque Isle Rd,Caribou,ME,04736,(207) 498-3790,,https://www.mystore411.com/store/list_state/2259/Maine/US-Cellular-store-locations,Convenience Store,Caribou,Yes
Monica's Scandinavian Imports,176 Sweden St,Caribou,ME,04736,(207) 493-4600,monicasimports@myfairpoint.net,https://www.callersmart.com/ME/Caribou/207-493-4,Gift Shop,Caribou,Yes
NAPA Auto Parts (Coastal Auto Parts),16A Access Hwy,Caribou,ME,04736,(207) 532-2100,,https://www.napaonline.com,Auto Parts,Caribou,Yes
Neale Adams Attorney,144 Sweden St,Caribou,ME,04736,(207) 498-2557,ndistrictattorney@cumberlandcounty.org,https://www.maineprosecutorsassociation.org/districts,Legal,Caribou,Yes
Norseman Barbering Company,118 Bennett Dr,Caribou,ME,04736,(207) 493-1021,,https://www.truthfinder.com/people-search/angela-violette/,Barber Shop,Caribou,Yes
North Country Animal Hospital,156 Main St,Caribou,ME,04736,(207) 492-4651,NCAH@yourvetdoc.com,https://www.northcountryanimalhospital.net,Veterinary,Caribou,Yes
Northeastern Supply Co,441 Main St,Caribou,ME,04736,(207) 496-3011,,https://www.govcb.com/government-vendors/profile-SAM00000000001558473-northeastern-supply-co-Caribou-ME.htm,Gas Station,Caribou,Yes
Northern Light Primary Care - Caribou,118 Bennett Dr Suite 130,Caribou,ME,04736,(207) 498-3476,,https://northernlighthealth.org,Healthcare,Caribou,Yes
Northern Light Walk-In Care - Caribou,118 Bennett Dr,Caribou,ME,04736,(207) 498-3502,,https://northernlighthealth.org,Healthcare,Caribou,Yes
Northern Maine Brewing Company,22 Main St,Caribou,ME,04736,(207) 492-2185,,https://www.nmbrewco.com,Restaurant,Caribou,No
Northern Maine Dental,14 Access Highway Suite 4,Caribou,ME,04736,(207) 492-9521,,https://northernmainedental.com/,Dental,Caribou,Yes
Northern Maine General,21 Aldrich Dr,Caribou,ME,04736,(207) 492-1036,,https://nmgeneral.org,Retail,Caribou,Yes
Noyes Flower & Plant Shoppe,11 Franklin St,Caribou,ME,04736,(207) 498-2296,noyesflowers@gmail.com,https://noyesflowers.square.site,Florist,Caribou,Yes
Nylander Museum,657 Main St,Caribou,ME,04736,(207) 493-4209,info@cariboumaine.org,https://nylandermuseum.com,Museum,Caribou,Yes
Old Iron Inn Bed & Breakfast,155 High St,Caribou,ME,04736,(207) 492-4766,kateandkevin@oldironinn.com,https://oldironinn.com,Bed & Breakfast,Caribou,Yes
Optix,137 Bennett Dr,Caribou,ME,04736,(207) 493-3329,,https://www.2findlocal.com/l/n1t4083-caribou-me,Retail,Caribou,Yes
Par & Grill,6 Carroll St,Caribou,ME,04736,(207) 492-0988,,https://parngrill.com,Restaurant,Caribou,No
Phil's Florist & Greenhouses,358 Washburn St,Caribou,ME,04736,(207) 492-4241,,https://www.flowerslist.us/company-phils-florist-greenhouses-in-caribou-26090,Florist/Greenhouse,Caribou,Yes
Pines Dental,163 Van Buren Rd,Caribou,ME,04736,(207) 498-1314,webmaps-revolution@yandex-team.ru,https://yandex.com/maps/org/pines_dental/217230933664/,Dental,Caribou,Yes
Pines Health Services - Caribou Health Center,74 Access Highway,Caribou,ME,04736,(207) 498-2356,,https://pineshealth.org,Healthcare,Caribou,Yes
Pizza Hut,149 Bennett Dr,Caribou,ME,04736,(207) 498-8523,,https://pizzahut.com,Restaurant,Caribou,Yes
Plourde Furniture Co.,150 Bennett Dr,Caribou,ME,04736,(207) 496-3521,katie@plourdefurniturecompany.com,https://www.plourdefurniturecompany.com,Furniture,Caribou,Yes
Priority Tractor & Equipment,323 Sweden St,Caribou,ME,04736,(207) 498-2549,sales@prioritytractor.com,https://www.prioritytractor.com,Equipment,Caribou,Yes
Progressive Realty,45 Bennett Dr,Caribou,ME,04736,(207) 498-3848,,https://progressiverealty.net,Real Estate,Caribou,Yes
Quality Inn & Suites,30 Access Hwy,Caribou,ME,04736,(207) 493-3311,,https://www.carymedicalcenter.org/helpful-information/for-our-patients/accommodations/,Hotel,Caribou,Yes
Reno's Family Restaurant,117 Sweden St,Caribou,ME,04736,(207) 496-5331,,https://renosfamilyrestaurant.com,Restaurant,Caribou,No
Richard Solman Attorney,709 Main St,Caribou,ME,04736,(207) 496-3031,,https://solmanhunter.com,Legal,Caribou,Yes
Ride North Harley-Davidson,11 Laurette St,Caribou,ME,04736,(207) 496-3211,ubmpresident2021@gmail.com,https://ubm-usa.org/motorcycle-inspection/,Motorcycle Dealer,Caribou,Yes
Rite Aid / Walgreens Pharmacy,112 Bennett Dr,Caribou,ME,04736,(207) 498-8735,hello@riteaid.com,https://riteaid.com,Pharmacy,Caribou,Yes
Rose's Shear Magic,46 Sweden St,Caribou,ME,04736,(207) 492-1200,,https://northernmainedental.com/,Beauty Salon,Caribou,Yes
Ruska Coffee Co.,98 Sweden St,Caribou,ME,04736,(207) 493-1616,,https://ruskacoffee.com,Coffee Shop,Caribou,Yes
Russell's Motel,357 Main St,Caribou,ME,04736,(207) 498-2567,,https://visitmaine.com/organization/russells-motel/4076/,Motel,Caribou,Yes
Russell-Clowes Insurance,562 Main St,Caribou,ME,04736,(207) 496-6061,,https://caribou-me.thedealpages.com/,Insurance,Caribou,Yes
S.W. Collins Co.,6 Washburn St,Caribou,ME,04736,(207) 496-6723,marketing@swcollins.com,https://swcollins.com,Hardware Store,Caribou,Yes
Sacred Heart Church,1143 Van Buren Rd,Caribou,ME,04736,(207) 498-2763,ppb@portlanddiocese.org,https://www.catholicchurchtimes.com/church/6a6d6540-05ac-4ed8-8374-0355ca5219a5,Religion,Caribou,Yes
Saint Luke's Episcopal Church,650 Main St,Caribou,ME,04736,(207) 492-4211,,https://maineseniorguide.com/member/aroostook-episcopal-cluster/,Religion,Caribou,Yes
Save-A-Lot,42 Skyway Dr,Caribou,ME,04736,(207) 498-2600,,https://savealot.com,Grocery,Caribou,Yes
Sean Duplessie - State Farm Insurance,15 Sweden St Suite 2,Caribou,ME,04736,(207) 493-3252,,https://www.statefarm.com/agent/ME/Caribou,Insurance,Caribou,Yes
Serenity Beauty Spa,11 Summer St,Caribou,ME,04736,(207) 492-2027,,https://visitaroostook.webflow.io/listing/serenity-beauty-spa,Day Spa,Caribou,Yes
Shear Precision,159 Bennett Dr,Caribou,ME,04736,(207) 492-7711,,https://www.fresha.com/lp/en/bt/beauty-salons/in/us-rural-maine,Beauty Salon,Caribou,Yes
Shell,669 Main St,Caribou,ME,04736,(207) 496-8111,,https://www.shell.com,Gas Station,Caribou,Yes
Sherwin-Williams Paint Store,118 Bennett Dr #180,Caribou,ME,04736,(207) 493-3150,,https://www.sherwin-williams.com,Paint,Caribou,Yes
Sizzle & Slice Restaurant / Bar,30 Skyway Dr Unit 300,Caribou,ME,04736,(207) 496-3400,frenchvilleatvclub@gmail.com,https://www.atvmaine.org/clubs/frenchville-atv-riders/,Restaurant,Caribou,No
Sleeper's Market,99 Lyndon St,Caribou,ME,04736,(207) 498-8181,,https://sleepersmarket.com,Grocery Store,Caribou,Yes
Solid Rock Worship Center (United Pentecostal),133 Fort Fairfield Rd,Caribou,ME,04736,(207) 492-2436,tuthman64@hotmail.com,https://www.list-maine.com/craigslist/general-merchandise/general-and-misc-merchandise,Religion,Caribou,Yes
Subway,137 Bennett Dr,Caribou,ME,04736,(207) 493-4520,,https://www.subway.com,Restaurant,Caribou,Yes
TD Bank,14 Sweden St,Caribou,ME,04736,(207) 498-2521,,https://www.td.com,Bank,Caribou,Yes
The Caribou Theater,66 Sweden St,Caribou,ME,04736,(207) 493-3013,cariboutheatres@yahoo.com,https://www.cariboutheater.com,Theater,Caribou,Yes
The Cubby Thriftstore,40 Sweden St,Caribou,ME,04736,(207) 496-0600,,https://www.hopeandjusticeproject.org/support-services/,Thrift Shop,Caribou,Yes
The Pet Vet,187 Bailey Rd,Caribou,ME,04736,(207) 498-2930,,https://clustrmaps.com/person/Brown-6a1gpm,Veterinarian,Caribou,Yes
Thistle Shop & Design,26 Garden Cir,Caribou,ME,04736,(207) 498-1000,,https://www.florist4us.com/florists/me_others_florists.shtml,Florist,Caribou,Yes
Thomas Pelletier Attorney,43 Hatch Dr,Caribou,ME,04736,(207) 498-6428,,https://www.justia.com/lawyers/maine/limestone,Legal,Caribou,Yes
Threads of Hope Outlet (Catholic Charities),14 Old Van Buren Rd,Caribou,ME,04736,(207) 493-8919,,https://www.ccmaine.org/thrift-store,Religious Thrift,Caribou,Yes
Thrive Body Spa,73 Sweden St,Caribou,ME,04736,(207) 496-0700,,https://www.thrivebodyspa.com,Day Spa,Caribou,Yes
Tim Hortons,109 Bennett Dr,Caribou,ME,04736,(207) 493-7009,,https://www.timhortons.com,Restaurant,Caribou,Yes
Todd Collins Attorney,144 Sweden St,Caribou,ME,04736,(207) 498-2557,,https://aroostook.me.us/contact-us/,Legal,Caribou,Yes
US Post Office - Caribou,41 Sweden St,Caribou,ME,04736,(207) 492-0080,,https://www.usps.com,Government,Caribou,No
United Baptist Church,74 High St,Caribou,ME,04736,(207) 496-7881,,https://www.churchfinder.com/churches/me/caribou,Religion,Caribou,Yes
United Insurance,101 High St,Caribou,ME,04736,(207) 496-3661,infoka@unitedinsurance.net,https://barlist.com/independent-agents/branch-details/18002/united-insurance,Insurance,Caribou,Yes
Valley Home Health Services,658 Main St Ste 2,Caribou,ME,04736,(207) 492-1149,,https://www.valleyhomehealthservices.com,Healthcare,Caribou,Yes
Vogue Salon,137 Bennett Dr,Caribou,ME,04736,(207) 493-5342,,https://directory.youmail.com/phone/207-493-7385,Beauty Salon,Caribou,Yes
Works Of Heart,124 Bennett Dr #3,Caribou,ME,04736,(207) 492-0860,,https://viewer.joomag.com/our-maine-streets-aroostook-issue-8-spring-2011/0448747001420135915/p9,Retail,Caribou,Yes
Wreaths by Natalie,998 Presque Isle Rd,Caribou,ME,04736,(207) 496-0831,,https://umaine.edu/undiscoveredmaine/destinations/shops-services/florists/,Florist,Caribou,Yes
Acadia Medical Supply,274 Main St,Fort Fairfield,ME,04742,(207) 472-1234,,https://www.medicarelist.com/supplier/acadia-medical-supply-inc-274-main-st-fort-fairfield-me/,Medical Equipment,Fort Fairfield,Yes
Advance Auto Parts,326 Main St,Fort Fairfield,ME,04742,(207) 472-0027,,https://www.advanceautoparts.com,Auto Parts,Fort Fairfield,Yes
Bethel Baptist Church,1 Presque Isle St,Fort Fairfield,ME,04742,(207) 473-7772,,https://www.downtownme.com/search.asp?strFunction=BuildCustomerListFromKeywords,Religion,Fort Fairfield,Yes
Bob's Service & Repair,328 Main St,Fort Fairfield,ME,04742,(207) 472-3050,,https://www.maine.gov/IFW/hunting-trapping/hunting/registration-stations/tagging-stations.html,Auto Repair,Fort Fairfield,No
Boondocks Grille,294 Main St,Fort Fairfield,ME,04742,(207) 472-6074,steve.boondocks@icloud.com,https://boondocksgrille.com,Restaurant,Fort Fairfield,No
Caldwell's Auto,133 Presque Isle St,Fort Fairfield,ME,04742,(207) 473-7269,,https://www.caldwellsauto.com/,Auto Repair,Fort Fairfield,No
Canterbury Royale Gourmet,182 Sam Everett Rd,Fort Fairfield,ME,04742,(207) 472-4910,,https://www.canterburyroyalegourmet.com/about,Restaurant,Fort Fairfield,No
Celebration Center (Assemblies of God),170 Houlton Rd,Fort Fairfield,ME,04742,(207) 227-0198,,https://www.echovita.com/us/obituaries/me/fort-fairfield,Religion,Fort Fairfield,Yes
Community Wesleyan Church,9 Wesleyan St,Fort Fairfield,ME,04742,(207) 473-7322,,https://www.fortfairfield.org/live-here/visitor-information/churches/,Religion,Fort Fairfield,Yes
County Bluegrass Festival,119 W Limestone Rd,Fort Fairfield,ME,04742,(207) 227-6242,stev@countybluegrass.com,http://countybluegrass.com,Entertainment,Fort Fairfield,Yes
Curtis Auto Airplane Repair & Sales Inc,359 Main St,Fort Fairfield,ME,04742,(207) 472-3500,,https://www.dandb.com/businessdirectory/curtisautoairplanerepairandsalesinc.-fortfairfield-me-24301286.html,Auto Repair,Fort Fairfield,No
Dollar General,355 Main St,Fort Fairfield,ME,04742,,digitalcare@dollargeneral.com,https://www.dollargeneral.com,Retail,Fort Fairfield,Yes
Family Haircuts By Lisa at Jack's Barbershop,256 Main St,Fort Fairfield,ME,04742,(207) 496-9001,,,Barber Shop,Fort Fairfield,Yes
Fields Realty LLC,72 Fort Hill St,Fort Fairfield,ME,04742,(207) 551-5835,fieldsrealtyllc@gmail.com,https://fieldsrealtyllc.com,Real Estate,Fort Fairfield,Yes
Fort Fairfield Dental Center,206 Main St,Fort Fairfield,ME,04742,(207) 473-7723,,https://patientconnect365.com/Dentists/Maine/FortFairfield/04742/White_Smiles_Family_Dentistry,Dentist,Fort Fairfield,Yes
Fort Fairfield Hardware,185 Main St,Fort Fairfield,ME,04742,(207) 472-3487,,https://www.cybo.com/US-biz/fort-fairfield-hardware_27,Hardware,Fort Fairfield,Yes
Fort Fairfield Public Library,339 Main St,Fort Fairfield,ME,04742,(207) 472-3880,library@fortfairfield.org,https://fortfairfieldlibrary.org,Library,Fort Fairfield,Yes
Fort Fairfield Town Office,18 Community Center Dr,Fort Fairfield,ME,04742,(207) 472-3800,ahuotari@fortfairfield.org,https://fortfairfield.org,Government,Fort Fairfield,No
Fort Fairfield Utilities District,100 High St,Fort Fairfield,ME,04742,(207) 472-1391,bparker@ffud.org,https://www.ffud.org,Utility,Fort Fairfield,No
Freshies Fort Fairfield,214 Main St,Fort Fairfield,ME,04742,(207) 473-7472,,https://freshiesdeli.com,Convenience Store/Deli,Fort Fairfield,Yes
Giggey's Auto Repair,60 Presque Isle St,Fort Fairfield,ME,04742,(207) 473-7269,,https://ifindtowtruck.com/towing-services/caldwells-auto-sales-service-llc/,Auto Repair,Fort Fairfield,No
Hillside IGA,207 Main St,Fort Fairfield,ME,04742,(207) 473-7942,,https://claritycheck.com/de/207-473,Grocery Store,Fort Fairfield,Yes
I Care Pharmacy,227 Main St,Fort Fairfield,ME,04742,(207) 472-1302,,https://ilifehacks.com/i-with-accent/,Pharmacy,Fort Fairfield,Yes
Logan's Service and Repair,26 Green St,Fort Fairfield,ME,04742,(207) 492-9202,,https://www.phonelookup.com/ME/caribou,Auto Repair,Fort Fairfield,No
One Of A Kind,250 Main St,Fort Fairfield,ME,04742,(207) 472-6076,,https://narcisorodriguez.es/one-of-a-kind/,Florist & Gifts,Fort Fairfield,Yes
R & J Market,26 Presque Isle St,Fort Fairfield,ME,04742,(207) 473-7788,,https://claritycheck.com/de/207-473,Grocery,Fort Fairfield,Yes
Rite Aid Pharmacy,355 Main St,Fort Fairfield,ME,04742,(207) 472-1191,hello@riteaid.com,https://riteaid.com,Pharmacy,Fort Fairfield,Yes
Rogers Auto Repair,277 Presque Isle Rd,Fort Fairfield,ME,04742,(207) 472-1390,,https://claritycheck.com/de/207-472,Auto Repair,Fort Fairfield,No
Sisters Bakery & Coffee Shoppe,259 Main St,Fort Fairfield,ME,04742,(207) 472-1888,,https://www.sistersthai.com/,Bakery & Cafe,Fort Fairfield,Yes
St. Denis Catholic Church,147 Main St,Fort Fairfield,ME,04742,(207) 498-2536,,https://masstime.us/maine-catholic-churches/,Religion,Fort Fairfield,Yes
St. Paul's Episcopal Church,170 Main St,Fort Fairfield,ME,04742,(207) 492-4211,,https://maineseniorguide.com/member/aroostook-episcopal-cluster/,Religion,Fort Fairfield,Yes
Subway,214 Main St,Fort Fairfield,ME,04742,(207) 472-1590,,https://www.subway.com,Fast Food,Fort Fairfield,Yes
The County Federal Credit Union,232 Main St,Fort Fairfield,ME,04742,(207) 472-5710,stacy.edgecomb@countyfcu.org,https://countyfcu.org,Credit Union,Fort Fairfield,Yes
Turner Sanitation,301 Russell Rd,Fort Fairfield,ME,04742,(207) 476-5095,,https://www.fortfairfield.org/town-services/town-office/trash-collection-disposal/,Sanitation,Fort Fairfield,No
United Insurance,263 Main St Suite 1,Fort Fairfield,ME,04742,(207) 472-3651,,https://fort-fairfield-me.helpyouachieve.com/,Insurance,Fort Fairfield,Yes
United Parish Church (UCC/UMC),4 Church St,Fort Fairfield,ME,04742,(207) 472-1552,labor-relations@maine.gov,https://www.maine.gov/mlrb/resources/collective-bargaining-agreements,Religion,Fort Fairfield,Yes
United Pentecostal Church,33 Currier Rd,Fort Fairfield,ME,04742,(207) 473-7407,,https://www.joinmychurch.com/churches/Fort-Fairfield-Upc-Fort-Fairfield-Maine-United-States/272014,Religion,Fort Fairfield,Yes
Village Restaurant,284 Main St,Fort Fairfield,ME,04742,(207) 472-6074,info@harborlighthomes.org,https://harborlighthomes.org/homes/agawam-village-ispwich-ma/,Restaurant,Fort Fairfield,No
Aroostook National Wildlife Refuge,97 Refuge Rd,Limestone,ME,04750,(207) 454-7161,,https://www.fws.gov/refuge/aroostook,Government,Limestone,No
Boulevard Graphix,22 Main St,Limestone,ME,04750,(207) 325-2583,,https://wrappermapper.com/map-location/mid-atlantic-graphics-solutions/?mpfy_map=8&mpfy-pin=257768,Custom Design,Limestone,Yes
Bunker Inn,17 Virginia Pl,Limestone,ME,04750,(207) 325-6072,,https://loringind.com,Lodging,Limestone,Yes
Caldwell Auto Parts & Towing,72 Long Rd,Limestone,ME,04750,(207) 325-8802,caldwellfort@gmail.com,https://www.allbiz.com/business/caldwells-auto-llc-207-325-8802,Auto Parts,Limestone,Yes
Cote Auto Repair Inc.,493 Access Hwy,Limestone,ME,04750,(207) 325-4757,,https://tr.cybo.com/US/limestone-maine/otomotiv/,Auto Repair,Limestone,No
DFAS,27 Arkansas Rd,Limestone,ME,04750,(866) 724-0526,dma.websd@mail.mil,https://www.dfas.mil,Government,Limestone,No
Dollar General,87 Access Hwy,Limestone,ME,04750,(207) 543-4583,digitalcare@dollargeneral.com,https://www.dollargeneral.com,Retail,Limestone,Yes
Eagles Redemption Center,30 Main St,Limestone,ME,04750,(207) 325-6146,,https://www.ldfchamberlimestonemaine.org/member-directory,Redemption Center,Limestone,Yes
Grammie's Treasures,14 Main St,Limestone,ME,04750,(207) 325-4965,,https://thecounty.me/2011/06/15/business-news/grammies-treasures-opens-in-limestone/,Gift Shop,Limestone,Yes
High Street Baptist Church,70 High St,Limestone,ME,04750,(207) 325-4436,,https://www.kjvchurches.com/churches/united-states/maine/limestone-1/high-street-baptist-church-2/,Religion,Limestone,Yes
Home Town Fuels,13 Access Hwy,Limestone,ME,04750,(207) 325-4411,,https://viewer.joomag.com/our-maine-streets-aroostook-issue-31-winter-2017/0329187001483403336/p32,Fuel & Heating,Limestone,No
Katahdin Trust Co.,35 Main St,Limestone,ME,04750,(207) 325-4711,customerservice@katahdintrust.com,https://www.katahdintrust.com,Bank,Limestone,Yes
Limestone Community School,93 High St,Limestone,ME,04750,(207) 325-4742,blothrop@lcseagles.org,https://www.lcseagles.org/contact,School,Limestone,No
Limestone Country Club,487 West Gate Rd,Limestone,ME,04750,(207) 325-6158,,https://umaine.edu/undiscoveredmaine/aroostook-county-maine/central-aroostook/limestone/,Golf Course,Limestone,Yes
Limestone Development Foundation & Chamber of Commerce,93 Main St,Limestone,ME,04750,(207) 325-4025,cei.childcare@ceimaine.org,https://www.ldfchamberlimestonemaine.org/about-limestone-development-foundation,Chamber,Limestone,Yes
Limestone Pack & Ship,30 Main St,Limestone,ME,04750,(207) 325-6146,,https://www.ldfchamberlimestonemaine.org/member-directory,Shipping,Limestone,Yes
Limestone Post Office,85 Main St,Limestone,ME,04750,(207) 325-4709,,https://www.usps.com,Post Office,Limestone,Yes
Limestone Public Library,86 Main St,Limestone,ME,04750,(207) 325-4704,tm@limestonemaine.org,https://www.limestonemaine.org/library,Library,Limestone,Yes
Limestone Snowhawks,18 Grand Falls Rd,Limestone,ME,04750,(207) 498-0642,limestonerotary1@gmail.com,https://www.ldfchamberlimestonemaine.org/about-limestone,Recreation,Limestone,No
Limestone Town Office,93 Main St,Limestone,ME,04750,(207) 325-4704,tm@limestonemaine.org,https://www.limestonemaine.org,Government,Limestone,No
Limestone United Methodist Church,52 Main St,Limestone,ME,04750,(207) 325-4870,maineneeds@gmail.com,https://www.maineneeds.org/aroostook-county-resources,Religion,Limestone,Yes
Loring Air Museum,161 Cupp Rd,Limestone,ME,05151,(207) 551-3439,,https://umaine.edu/undiscoveredmaine/aroostook-county-maine/central-aroostook/limestone/,Museum,Limestone,No
Loring Commerce Centre,27 Arkansas Rd,Limestone,ME,04750,(207) 328-7005,,https://www.loring.org,Business Park,Limestone,Yes
Loring Development Authority,154 Development Rd Suite F,Limestone,ME,04750,(207) 328-7000,LDA@Loring.org,https://www.loring.org,Economic Development,Limestone,Yes
Loring Job Corps,1680 Access Hwy,Limestone,ME,04750,(207) 328-4212,,https://www.jobcorps.gov,Job Corps,Limestone,No
Loring Job Corps Center,36 Montana Rd,Limestone,ME,04750,(207) 328-4212,,https://www.jobcorps.gov,Education,Limestone,Yes
Loring Utilities Office,93 Main St,Limestone,ME,04750,(207) 328-4119,,https://recycling-cleaning.com/company-loring-utilities-office-in-loring-cm-ctr-me-17045,Utilities,Limestone,No
Maine School of Science and Mathematics,95 High St,Limestone,ME,04750,(207) 325-3303,admissions@mssm.org,https://www.mssm.org,School,Limestone,No
Manaus Books & Coffee,30 Main St,Limestone,ME,04750,(207) 325-6146,,https://www.ldfchamberlimestonemaine.org/member-directory,Bookstore/Coffee,Limestone,Yes
Mike's Family Market,5 Main St,Limestone,ME,04750,(207) 325-4767,info@aroostookonline.com,https://www.mikesfamilymarket.com,Grocery,Limestone,Yes
New England Kenworth,14 Colorado Rd,Limestone,ME,04750,(207) 328-4600,,https://www.kenworth.com,Truck Sales,Limestone,No
Nike Acres Bed & Breakfast,57A Howard Rd,Limestone,ME,04750,(207) 540-5439,limestonetrailhawks@yahoo.com,https://www.atvmaine.org/all-clubs/limestone-trail-hawks,Bed & Breakfast,Limestone,Yes
Pines Health Services - Loring Health Center,238 Main St,Limestone,ME,04750,(207) 328-4631,,https://www.pineshealth.org,Healthcare,Limestone,Yes
Pines Loring Health Center,6 N Carolina Rd,Limestone,ME,04750,(207) 328-4631,,https://www.pineshealth.org,Healthcare,Limestone,Yes
Rendezvous Restaurant,Eastgate Rd / Mountain View Dr,Limestone,ME,04750,(207) 328-7211,,https://www.intelius.com/phone/1-207-328-7211/,Restaurant,Limestone,No
Robert A. Frost Memorial Library,42 Main St,Limestone,ME,04750,(207) 325-4706,tm@limestonemaine.org,https://www.limestonemaine.org/library,Library,Limestone,Yes
SFE Manufacturing,14 Connecticut Rd,Limestone,ME,04750,(207) 540-0668,,https://www.sfemanufacturing.com,Manufacturing,Limestone,No
St. Louis Church,106 Main St,Limestone,ME,04750,(207) 325-4843,,https://catholicmasstime.org/church/st-louis/15054/,Religion,Limestone,Yes
T and A Variety,166 Main St,Limestone,ME,04750,(207) 325-4950,,https://7telephone.ru/data-79502073254,Retail,Limestone,Yes
TRP Limestone,14 Colorado Rd,Limestone,ME,04750,(207) 328-4600,,https://www.truckpartsandservice.com/business/growth-strategies/article/15301339/new-england-kenworth-opens-newly-renovated-facility,Truck Parts,Limestone,No
Talk of the Town Hair Salon,6 Main St #2,Limestone,ME,04750,(207) 325-3440,,https://umaine.edu/undiscoveredmaine/aroostook-county-maine/central-aroostook/limestone/,Hair Salon,Limestone,Yes
Trombley Industries,849 Access Hwy,Limestone,ME,04750,(207) 328-4503,anna@trombleyind.com,https://www.trombleyind.com,Construction,Limestone,No
US Post Office - Limestone,29 Main St,Limestone,ME,04750,(207) 325-4838,,https://www.usps.com,Government,Limestone,No
White As Snow Laundromat,30 Main St,Limestone,ME,04750,(207) 325-4900,,https://www.ldfchamberlimestonemaine.org/white-as-snow-laundromat,Laundromat,Limestone,Yes
Chandler Farms Inc.,1089 State Rd,Mapleton,ME,04757,(207) 764-5228,,https://motohunt.com/motorcycle-dealers/Polaris/Maine,Powersports Dealer,Mapleton,Yes
Main Street Hair Design,1616 Main St,Mapleton,ME,04757,(207) 764-7600,,https://www.justia.com/lawyers/maine/new-limerick,Hair Salon,Mapleton,Yes
Mapleton Diner,1716 Main St,Mapleton,ME,04765,(207) 764-0056,764-0056epastsdmcbay95@gmail.comt,https://lv.cybo.com/US-biz/mapleton-diner,Restaurant,Mapleton,No
Mapleton Fire Department,117 Pulcifur Rd,Mapleton,ME,04757,(207) 760-8001,,https://usfiredept.com/mapleton-castle-hill-chapman-fire-department-14063.html,Emergency Services,Mapleton,Yes
Mapleton General Store,14 Main St,Mapleton,ME,04757,(207) 764-8547,,https://cultcritic.co/why-the-barn-on-mapleton-pond-is-still-the-talk-of-the-town-19a7,General Store,Mapleton,Yes
Mapleton Hardware,1518 Main St,Mapleton,ME,04757,(207) 540-1700,,https://www.intelius.com/phone/1-207-540-1700/,Hardware Store,Mapleton,Yes
Mapleton Oil Co,39 Hughes Rd,Mapleton,ME,04757,(207) 764-6039,jessica@mapletonoil.com,https://mapletonoil.com,Fuel Oil,Mapleton,No
Mapleton One Stop,1689 Main St,Mapleton,ME,04765,(207) 764-8547,,https://umaine.edu/undiscoveredmaine/aroostook-county-maine/central-aroostook/mapleton/,Convenience Store,Mapleton,Yes
Mapleton Post Office,1754 Main St,Mapleton,ME,04757,(207) 764-5677,,https://usps.com,Post Office,Mapleton,Yes
Mapleton Town Office,103 Pulcifur Rd,Mapleton,ME,04757,(207) 764-3754,townclerk@mapletonmaine.gov,https://mapletonmaine.gov,Government,Mapleton,No
Mapleton United Baptist Church,1633 Main St,Mapleton,ME,04757,(207) 764-6034,,https://shepherdsstream.org/maine-church-directory/mapleton-united-baptist-church,Religion,Mapleton,Yes
Mapleton United Methodist Church,Main St,Mapleton,ME,04757,(207) 764-4241,aslayton@rsu24.org,https://maineseniorguide.com/category-advertisers/social-seniors/,Religion,Mapleton,Yes
Mastro Motors Inc,1689 Main St,Mapleton,ME,04757,(207) 769-2201,,https://411.info/business/Mastro-Motors-Inc-Presque-Isle-ME-21823526,Auto Sales,Mapleton,Yes
State Road Advent Christian Church,1135 State Rd,Mapleton,ME,04757,(207) 764-1510,username@email.com,https://tunein.com/radio/State-Rd-Adv-Christian-Church-p255089/,Religion,Mapleton,Yes
Taste of Home Restaurant,1701 Main St,Mapleton,ME,04757,(207) 768-3333,,"https://ordspub.epa.gov/ords/safewater/f?p=136:103:::NO:RP,103:P103_STATE:ME",Restaurant,Mapleton,No
West Chapman Advent Christian Church,W Chapman Rd,Mapleton,ME,04757,(207) 764-1331,,https://shepherdsstream.org/maine-church-directory/west-chapman-advent-christian-church,Religion,Mapleton,Yes
A & M Auto Repair,1 Boynton St,Mars Hill,ME,04758,(207) 429-9140,,https://localwindshieldrepair.com/Maine/,Auto Repair,Mars Hill,No
Al's Diner,87 Main St,Mars Hill,ME,04758,(207) 429-8186,clubhouse@golfmhcc.com,https://en.wikivoyage.org/wiki/Mars_Hill_(Maine),Restaurant,Mars Hill,No
All-Star Gymnastics,40 Main St,Mars Hill,ME,04758,(207) 429-8021,,https://www.all-star.biz/classes,Gymnastics,Mars Hill,Yes
Apostolic Pentecostal Church,88 Fort Rd,Mars Hill,ME,04758,(207) 429-9285,,https://www.joinmychurch.org/churches/Apostolic-Pentecostal-Church-Mars-Hill-Maine-United-States/270789,Religion,Mars Hill,Yes
Aroostook Health Center,15 Highland Ave,Mars Hill,ME,04758,(207) 768-4915,,https://www.sicbase.com/state-me/blue-hill-memorial-hospital_n6RJ.html,Skilled Nursing,Mars Hill,No
Bear Paw Inn,94 Main St,Mars Hill,ME,04758,(207) 425-6241,,http://mainebearpawinn.net,Lodging,Mars Hill,Yes
BigRock Mountain,37 Graves Rd,Mars Hill,ME,04758,(207) 425-6711,info@bigrockmaine.com,https://bigrockmaine.com,Ski Area,Mars Hill,Yes
Brewer Service,32 Main St,Mars Hill,ME,04758,(207) 425-6521,,https://claritycheck.com/207-425,Auto Repair,Mars Hill,No
Central Aroostook Jr-Sr High School,26 Pleasant St,Mars Hill,ME,04758,(207) 425-2811,bailey@merealestateco.com,https://merealestateco.com/our-areas/aroostook/,School,Mars Hill,No
Circle K / On the Run,1 Benjamin St,Mars Hill,ME,04758,(207) 429-9286,,https://circlek.com,Convenience Store/Gas,Mars Hill,Yes
Dave's Auto & Truck Repair,25 Main St,Mars Hill,ME,04758,(207) 429-8047,,https://autorepairme.com/maine/68504-david-caldwell-daves-auto-truck-repair-mars-hill-me,Auto Repair,Mars Hill,No
Duncan Funeral Home,8 Main St,Mars Hill,ME,04758,(207) 764-0625,,https://www.imortuary.com/funeral-homes/maine/presque-isle/duncan-graves-funeral-home/,Funeral Home,Mars Hill,Yes
Family Dollar,92 Presque Isle Rd,Mars Hill,ME,04758,(207) 613-5086,,https://familydollar.com,Discount Store,Mars Hill,Yes
Fort Street Elementary School,38 Fort St,Mars Hill,ME,04758,(207) 429-8514,bailey@merealestateco.com,https://merealestateco.com/our-areas/aroostook/,School,Mars Hill,No
Freshies Mars Hill,27 Main St,Mars Hill,ME,04758,(207) 429-9286,,https://www.freshiesdeli.com/,Convenience Store/Deli,Mars Hill,Yes
Full Gospel Assembly,9 Maple St,Mars Hill,ME,04758,(207) 425-6661,,https://www.joinmychurch.org/churches/Full-Gospel-Assembly-Mars-Hill-Maine-United-States/368860,Religion,Mars Hill,Yes
Hidden Country Treasures,82 Main St,Mars Hill,ME,04758,(207) 425-2800,,https://www.openingtimes.co/hidden-country-treasures-mars-hill-me,Gift Shop,Mars Hill,Yes
Horizons Surgical Services,106 Main St,Mars Hill,ME,04758,(207) 425-2392,,https://www.phonelookup.com/ME/mars-hill,Healthcare,Mars Hill,Yes
M E Grass & Sons,335 Fort Rd,Mars Hill,ME,04758,(207) 425-5451,,https://411.info/business/Grass-M-E-Sons-Mars-Hill-ME-19757276,Truck Repair,Mars Hill,No
Mars Hill Country Club,75 Country Club Rd,Mars Hill,ME,04758,(207) 425-4802,clubhouse@golfmhcc.com,https://www.mainegolf.org/course/mars-hill-cc/,Golf,Mars Hill,Yes
Mars Hill IGA,7 Market St,Mars Hill,ME,04758,(207) 425-2411,,https://www.seizethedeal.com/deals/50-gift-card-to-hillside-mars-hill-and-star-city-iga-1,Grocery Store,Mars Hill,Yes
Mars Hill Pharmacy,106 Main St,Mars Hill,ME,04758,(207) 425-4431,,https://npino.com/pharmacy/1114949112-mars-hill-pharmacy-inc/,Pharmacy,Mars Hill,Yes
Mars Hill Town Office,37 Main St,Mars Hill,ME,04758,(207) 425-3731,,https://www.marshillmaine.org/,Government,Mars Hill,No
Mars Hill United Methodist Church,20 Main St,Mars Hill,ME,04758,(207) 429-8022,,https://www.downtownme.com/search.asp?strFunction=BuildCustomerListFromKeywords,Religion,Mars Hill,Yes
McClay's Tax Service,76 Main St,Mars Hill,ME,04758,(207) 429-8540,,https://mars-hill-me.thedealpages.com/,Tax Service,Mars Hill,Yes
Mike's Auto Sales and Service,254 Fort Rd,Mars Hill,ME,04758,(207) 764-8009,,https://usa-services.worldorgs.com/catalog/presque-isle/auto-repair/mike-cowetts-auto-body-towing-services-inc,Auto Sales,Mars Hill,Yes
My Sunset Cabins,135 E Ridge Rd,Mars Hill,ME,04758,(207) 227-5024,allaguide@gmail.com,https://mysunsetcabins.com,Lodging,Mars Hill,Yes
New Beginning Auto Body,106 Presque Isle Rd,Mars Hill,ME,04758,(207) 429-9810,,https://www.city-data.com/profiles/2770,Auto Body,Mars Hill,No
Pineland Farms Potato Company Inc,115 Presque Isle Rd,Mars Hill,ME,04758,(207) 429-8126,,https://pinelandfarms.com,Agriculture,Mars Hill,Yes
St. Joseph Catholic Church,17 Main St,Mars Hill,ME,04758,(207) 768-3671,,https://www.findagrave.com/cemetery/1523895/saint-marys-cemetery,Religion,Mars Hill,Yes
The Rusty Crab,48 Main St,Mars Hill,ME,04758,(207) 540-4343,,https://www.themainemenu.com/businesses/the-rusty-crab/,Restaurant,Mars Hill,No
Therapy Shoppe LLC,93 Main St,Mars Hill,ME,04758,(207) 227-2677,,https://info.hqaa.org/testimonials/gino-was-exceptional,Medical Equipment,Mars Hill,Yes
Timberwolves Restaurant,45 Main St,Mars Hill,ME,04758,(207) 425-1056,,https://timberwolvesrestaurant.com,Restaurant,Mars Hill,No
US Post Office - Mars Hill,7 Lincoln St,Mars Hill,ME,04758,(207) 429-9177,,https://usps.com,Post Office,Mars Hill,Yes
United Baptist Church,20 Church St,Mars Hill,ME,04758,(207) 429-9590,,http://www.ypsort.com/main/Me/Mars+Hill/,Religion,Mars Hill,Yes
Walter T.A. Hansen Memorial Library,10 Hansen St,Mars Hill,ME,04758,(207) 429-9625,,https://www.usaypage.com/public-libraries-category/maine-mars-hill/wta-hansen-memorial-library-p8953.html,Library,Mars Hill,Yes
A Vie,499 Main St,Presque Isle,ME,04769,(207) 764-4837,,,Restaurant,Presque Isle,No
Academy Dental,179 Academy St,Presque Isle,ME,04769,(207) 764-3764,,https://www.medicarelist.com/dentist/mark-craig-melendez-christensen-dmd-presque-isle-me/,Dentist,Presque Isle,Yes
Ace Hardware - Maine Potato Growers Inc,56 Parsons St,Presque Isle,ME,04769,(207) 764-2471,,https://acehardware.com,Hardware Store,Presque Isle,Yes
Advance Auto Parts,634 Main St,Presque Isle,ME,04769,(207) 760-0541,,https://advanceautoparts.com,Auto Parts,Presque Isle,Yes
Airport Cafe & Gifts,650 Airport Dr,Presque Isle,ME,04769,(207) 764-5403,admin@flypresqueisle.com,https://flypresqueisle.com,Restaurant,Presque Isle,No
Amy's Flowers,54 North St,Presque Isle,ME,04769,(207) 769-2697,dacf@maine.gov,https://www.maine.gov/dacf/php/horticulture/licensednurseries.shtml,Florist,Presque Isle,Yes
Arby's,789 Main St,Presque Isle,ME,04769,(207) 764-5172,,https://arbys.com,Restaurant,Presque Isle,No
Aroostook County Federal Savings and Loan,364 Main St,Presque Isle,ME,04769,(207) 764-6591,customerservice@yourhomebank.com,https://yourhomebank.com,Bank,Presque Isle,Yes
Aroostook County Fitness,499 Main St,Presque Isle,ME,04769,(207) 768-0378,,https://claritycheck.com/es/207-768,Gym,Presque Isle,Yes
Aroostook Door & Window,56 State St,Presque Isle,ME,04769,(207) 760-8152,,https://www.phonelookup.com/1/207-760-8152,Building Supply,Presque Isle,Yes
Aroostook Mall,830 Main St,Presque Isle,ME,04769,(207) 764-2616,management@aroostookcentremall.com,https://aroostookcentre.com,Shopping Center,Presque Isle,Yes
Aroostook Monuments,14 Caribou Rd,Presque Isle,ME,04769,(207) 764-3121,,https://www.usaypage.com/funeral-directors-homes-category/maine-presque-isle/aroostook-monuments-p26133.html,Monuments,Presque Isle,Yes
Aroostook Trusses Inc,655 Missile St,Presque Isle,ME,04769,(207) 768-5817,,https://aroostooktrusses.com/,Building Supply,Presque Isle,Yes
AutoZone,805 Main St,Presque Isle,ME,04769,(207) 554-2136,,https://www.autozone.com/,Auto Parts,Presque Isle,Yes
Beacon of Hope Ministries,830 Main St,Presque Isle,ME,04769,(207) 768-7771,,https://www.maine.gov/dacf/parks/contact.shtml,Religion,Presque Isle,Yes
Bethany Baptist Church,24 2nd St,Presque Isle,ME,04769,(207) 768-8811,,https://phonenumberexpert.com/local-numbers/maine,Religion,Presque Isle,Yes
Big Cheese Pizza,260 Main St,Presque Isle,ME,04769,(207) 764-5500,,https://bcpizza.wixsite.com/bigcheesepizza,Restaurant,Presque Isle,No
Bike Board and Ski,450 Main St,Presque Isle,ME,04769,(207) 769-2453,,https://www.bikeboardandski.com/,Sporting Goods,Presque Isle,Yes
Bowers Funeral Home and Cremation Services,238 Main St,Presque Isle,ME,04769,(207) 760-8088,info@bowersfuneral.com,https://www.bowersfuneral.com/,Funeral Home,Presque Isle,Yes
Burger King,795 Main St,Presque Isle,ME,04769,(207) 769-8231,,https://www.bk.com/,Restaurant,Presque Isle,Yes
Cafe Desmoiselles,483 Main St,Presque Isle,ME,04769,(207) 760-7587,,https://www.artbyfilomena.com/where-to-buy,Coffee Shop,Presque Isle,Yes
Carney Family Beverage,30 Oak St,Presque Isle,ME,04769,(207) 551-2246,,https://carneyfamilybeverage.com/,Vending,Presque Isle,No
Carroll's Auto Sales (Chevrolet/GMC),280 Main St,Presque Isle,ME,04769,(888) 597-2531,sales@carrollsautosales.com,https://www.carrollsautosales.com/,Auto Dealer,Presque Isle,Yes
Chopsticks,830 Main St Unit 29,Presque Isle,ME,04769,(207) 764-6633,,https://chopsticksva.com/,Restaurant,Presque Isle,No
Christ Gospel Church,49 Church St,Presque Isle,ME,04769,(207) 764-4586,,https://cgcpresqueisle.com/contact-us,Religion,Presque Isle,Yes
Christian Life Assembly,40 Chandler Rd,Presque Isle,ME,04769,(207) 764-1352,,https://app.church.org/churches/maine/04769/christian-life-assembly-church,Religion,Presque Isle,Yes
Church of Jesus,153 Chapman Rd,Presque Isle,ME,04769,(207) 764-4186,,https://app.church.org/organizations/church-of-jesus-11,Religion,Presque Isle,Yes
Circle K,800 N Main St,Presque Isle,ME,04769,(207) 760-9350,,https://www.circlek.com,Convenience Store/Gas,Presque Isle,Yes
Circle K Pizza & Deli,283 Main St,Presque Isle,ME,04769,(207) 764-2313,,https://www.circlek.com,Restaurant,Presque Isle,Yes
City Drug Store,159 Academy St,Presque Isle,ME,04769,(207) 764-4424,,https://www.citydrugrx.com/,Pharmacy,Presque Isle,Yes
Cook Florist Inc,174 Main St,Presque Isle,ME,04769,(207) 769-2731,,https://www.presqueisleflowershop.com/,Florist,Presque Isle,Yes
Country Collectibles,387 Main St,Presque Isle,ME,04769,(207) 764-8060,impallari@gmail.com,https://countrycollectibles.me/,Gift Shop,Presque Isle,Yes
Crown of Maine Motors,86 Parsons St,Presque Isle,ME,04769,(207) 768-0741,evolvemkd646-517-4220neurostar@evolvemkd.com,https://www.globenewswire.com/news-release/2021/11/09/2330231/0/en/Neuronetics-Reports-Third-Quarter-2021-Financial-and-Operating-Results.html,Auto Sales,Presque Isle,Yes
Dollar Tree,830 Main St #C-1/2,Presque Isle,ME,04769,(207) 768-3032,,https://www.dollartree.com,Retail,Presque Isle,Yes
Domino's Pizza,379 Main St,Presque Isle,ME,04769,(207) 554-5154,,https://www.dominos.com/,Restaurant,Presque Isle,Yes
Duncan-Graves Funeral Home,30 Church St,Presque Isle,ME,04769,(207) 764-0625,dhunter@lancastermorgan.com,https://www.duncan-graves.com/,Funeral Home,Presque Isle,Yes
Dunkin',770 Main St,Presque Isle,ME,04769,(207) 762-3825,,https://www.dunkindonuts.com/,Coffee Shop,Presque Isle,Yes
Eagle Hill Stamps & Coins,351 Main St,Presque Isle,ME,04769,(207) 764-5701,gghdesigns@hotmail.com,https://umaine.edu/undiscoveredmaine/destinations/shops-services/antiques/,Collectibles,Presque Isle,Yes
Family Worship Center,265 Caribou Rd,Presque Isle,ME,04769,(207) 540-1060,,https://www.peoplefinders.com/reverse-phone,Religion,Presque Isle,Yes
Fastenal Company,68 Industrial St,Presque Isle,ME,04769,(207) 762-0000,,https://www.fastenal.com/,Industrial Supply,Presque Isle,No
First United Pentecostal Church,53 Wilson St,Presque Isle,ME,04769,(207) 762-5581,,https://www.downtownme.com/search.asp?strFunction=BuildCustomerListFromKeywords,Religion,Presque Isle,Yes
For Paws Grooming,141 Caribou Rd,Presque Isle,ME,04769,(207) 760-9501,,https://umaine.edu/undiscoveredmaine/destinations/shops-services/animal-related/,Pet Grooming,Presque Isle,Yes
Freddy's Brew Pub,431 Main St,Presque Isle,ME,04769,(207) 540-1445,,https://1019therock.com/what-is-the-best-bar-in-presque-isle/,Restaurant,Presque Isle,No
Freedom Church,830 Main St,Presque Isle,ME,04769,(207) 760-7491,,https://psalmlog.com/churches/maine/presque-isle/freedom-church-maine,Religion,Presque Isle,Yes
Freshies Presque Isle,700 Main St,Presque Isle,ME,04769,(207) 769-0871,,https://www.freshiesdeli.com/,Restaurant,Presque Isle,No
Full Gospel Assembly,7 Dudley St,Presque Isle,ME,04769,(207) 764-4207,,https://fakephonenumber.org/UnitedStates/phone_number/areacode/207764,Religion,Presque Isle,Yes
Gary's Furniture & Appliance,435 Main St,Presque Isle,ME,04769,(207) 764-4016,,https://presque-isle-me.findstorenearme.us/garys-furniture-appliance/,Furniture Store,Presque Isle,Yes
Gentile Hall - UMPI,181 Main St,Presque Isle,ME,04769,(207) 768-9772,umpi-gentile@maine.edu,https://www.umpi.edu/gentile-hall/,Fitness Center,Presque Isle,Yes
Gills Point S Tire & Auto (formerly Hogan Tire),30 Rice St,Presque Isle,ME,04769,(207) 764-1800,,https://gillspointstire.com/,Auto Service,Presque Isle,No
Governor's Restaurant & Bakery,350 Main St,Presque Isle,ME,04769,(207) 769-2274,,https://www.governorsrestaurant.com/,Restaurant,Presque Isle,No
Gram Russo's Italian Restaurant,116 Main St,Presque Isle,ME,04769,(207) 764-3321,cicc3733@aol.com,http://www.presqueisleinn.com/gram-russos.html,Restaurant,Presque Isle,No
Grant Memorial United Methodist Church,79 Fleetwood St,Presque Isle,ME,04769,(207) 762-9351,,https://en.wikipedia.org/wiki/Area_code_207,Religion,Presque Isle,Yes
Graves' Shop 'n Save,797 Main St,Presque Isle,ME,04769,(207) 769-2181,penny.leblanc@delhaize.com,https://gravesshopnsave.com/,Grocery Store,Presque Isle,Yes
Griffeth Honda,130 Main St,Presque Isle,ME,04769,(207) 769-2761,,https://www.griffethhonda.com/,Auto Dealer,Presque Isle,Yes
Hair & Beyond,121 Parsons St,Presque Isle,ME,04769,(207) 764-1226,,https://hair-beyond-presque-isle.edan.io/,Beauty Salon,Presque Isle,Yes
Hampton Inn Presque Isle,768 Main St,Presque Isle,ME,04769,(207) 760-9292,PQIMA_hampton@hilton.com,https://www.hilton.com/en/hotels/pqimahx-hampton-presque-isle/,Hotel,Presque Isle,Yes
Harbor Freight Tools,830 Main St Suite G1,Presque Isle,ME,04769,(207) 554-2800,,https://www.harborfreight.com,Hardware,Presque Isle,Yes
Hedrich Vending,15 Industrial St Unit 2,Presque Isle,ME,04769,(207) 764-3747,,https://www.vendingmarketwatch.com/management/associations/company/10109695/pine-tree-maine-vending-association,Vending,Presque Isle,No
Hotham's Veterinary Services,307 Centerline Rd,Presque Isle,ME,04769,(207) 768-7387,hvsreception1@gmail.com,https://hothamvets.com/,Veterinarian,Presque Isle,Yes
Houlton Farms Dairy Bar,792 Main St,Presque Isle,ME,04769,(207) 764-6200,,https://houltonfarmsdairy.com/,Ice Cream,Presque Isle,Yes
Hub Coffee,342 Main St,Presque Isle,ME,04769,(207) 554-4243,hubcoffeepi@gmail.com,https://www.visitaroostook.com/listing/hub-coffee,Coffee Shop,Presque Isle,Yes
Irish Setter Pub,710 Main St,Presque Isle,ME,04769,(207) 764-5400,info@irishsetterpub.com,https://irishsetterpub.com,Restaurant,Presque Isle,Yes
Katahdin Trust Company,6 North St,Presque Isle,ME,04769,(207) 764-8000,customerservice@katahdintrust.com,https://www.katahdintrust.com/,Bank,Presque Isle,Yes
KeyBank,774 Main St,Presque Isle,ME,04769,(207) 764-3151,,https://www.key.com/,Bank,Presque Isle,Yes
Levasseur Dentistry,169 Academy St,Presque Isle,ME,04769,(207) 764-3040,office@levasseurdentistry.com,https://levasseurdentistry.com/,Dentist,Presque Isle,Yes
Lowe's Home Improvement,135 Maysville St,Presque Isle,ME,04769,(207) 554-3030,,https://www.lowes.com/,Hardware Store,Presque Isle,Yes
Machias Savings Bank,9 Dyer St,Presque Isle,ME,04769,(207) 768-3222,,https://www.machiassavings.bank/,Bank,Presque Isle,Yes
Mai Tai Restaurant,449 Main St,Presque Isle,ME,04769,(207) 764-4426,contact@restaurants-world.net,https://order.mealkeyway.com/merchant/49716b7a6357762b697a644e76427667654e435451673d3d/main,Restaurant,Presque Isle,No
Maine Hope Center (The Hope Chest),445 Main St,Presque Isle,ME,04769,(207) 764-1816,,https://www.countyoffice.org/salvation-army-presque-isle-presque-isle-me-e89/,Religious Thrift,Presque Isle,Yes
Mainely Mexican,6 State Rd,Presque Isle,ME,04769,(207) 760-7520,,https://restaurantguru.com/Mainely-Mexican-Presque-Isle,Restaurant,Presque Isle,No
Marden's Surplus & Salvage,803 Main St,Presque Isle,ME,04769,(207) 762-3417,dacf@maine.gov,https://www1.maine.gov/dacf/php/horticulture/licensednurseries.shtml,Discount Store,Presque Isle,Yes
McCluskey's RV Center,29 Houlton Rd,Presque Isle,ME,04769,(207) 762-1721,mccluskeysrv@gmail.com,http://mccluskeys.com/,RV Dealer,Presque Isle,Yes
McDonald's,656 Main St,Presque Isle,ME,04769,(207) 764-1383,,https://www.mcdonalds.com/,Restaurant,Presque Isle,Yes
Merchants on the Corner,394 Main St,Presque Isle,ME,04769,(207) 764-1255,,https://www.directionus.com/me/presque-isle/merchants-on-the-corner.html,Retail,Presque Isle,Yes
Mom and Me Pizzeria,830 Main St,Presque Isle,ME,04769,(207) 540-1300,,https://mom-and-me-pizzeria.menu-page.com,Restaurant,Presque Isle,Yes
NAPA Auto Parts - Coastal Auto Parts,611 Main St,Presque Isle,ME,04769,(207) 764-5553,,https://www.napaonline.com/,Auto Parts,Presque Isle,Yes
New Life Baptist Church,229 Caribou Rd,Presque Isle,ME,04769,(207) 764-0500,,https://www.telephonedirectories.us/Business/Churches_Baptist/ME,Religion,Presque Isle,Yes
Norstate Federal Credit Union,738 Main St,Presque Isle,ME,04769,(207) 762-3811,,https://norstatefcu.org/,Credit Union,Presque Isle,Yes
North Country Auto,792 Main St,Presque Isle,ME,04769,(207) 762-6222,,https://www.ncountryauto.com/,Auto Dealer,Presque Isle,Yes
Northern Light AR Gould Hospital,140 Academy St,Presque Isle,ME,04769,(207) 768-4000,,https://northernlighthealth.org/A-R-Gould-Hospital,Hospital,Presque Isle,Yes
Northern Lights Motel,72 Houlton Rd,Presque Isle,ME,04769,(207) 764-3473,113207-876-6140info@trailside-lodging.combear,https://www.northernlightsmotelpresqueisle.com/,Motel,Presque Isle,Yes
Northern Maine Motors,96 State St,Presque Isle,ME,04769,(207) 540-6050,ryan@northernmainemotors.com,https://www.northernmainemotors.com/,Auto Dealer,Presque Isle,Yes
Oriental Pearl,745 Main St,Presque Isle,ME,04769,(207) 762-3268,,http://orientalpearlpqi.com/,Restaurant,Presque Isle,No
Overhead Door Co of Presque Isle,1150 Central Dr,Presque Isle,ME,04769,(207) 554-9044,,https://www.aroostookohd.com/,Building Supply,Presque Isle,Yes
Parkhurst Siding Pub,35 Parkhurst Siding Rd,Presque Isle,ME,04769,(207) 769-7431,parkhurstsidingpub@gmail.com,https://golfpicc.com/restaurant/,Restaurant,Presque Isle,Yes
Pat's Pizza of Presque Isle,9 North St,Presque Isle,ME,04769,(207) 764-0367,patsyarm@maine.rr.com,https://patsyarmouth.com/,Restaurant,Presque Isle,No
Pepsi Bottling Group,52 Industrial St,Presque Isle,ME,04769,(207) 760-3000,,https://www.pepsi.com/,Vending,Presque Isle,No
Percy's Auto Sales Inc (Chrysler/Dodge/Jeep/Ram),40 Houlton Rd,Presque Isle,ME,04769,(207) 764-4493,,https://percysauto.com/,Auto Dealer,Presque Isle,Yes
Pine Village Inc,322 Washburn Rd,Presque Isle,ME,04769,(207) 764-1674,,https://www.locatefamily.com/W/WAL/WALTON-446.html,Building Supply,Presque Isle,Yes
Pizza Box,527 Main St Ste 1,Presque Isle,ME,04769,(207) 760-8344,,http://thepizzaboxpi.com,Restaurant,Presque Isle,Yes
Pizza Hut,814 North Main St,Presque Isle,ME,04769,(207) 762-8651,,https://www.pizzahut.com/,Restaurant,Presque Isle,Yes
Presque Isle Animal Hospital,79 Mapleton Rd,Presque Isle,ME,04769,(207) 764-6392,piah@piah.biz,https://www.presqueisleanimalhospital.com/,Veterinarian,Presque Isle,Yes
Presque Isle Congregational Church (UCC),27 Church St,Presque Isle,ME,04769,(207) 764-4743,,https://www.wirefly.com/area-codes/207,Religion,Presque Isle,Yes
Presque Isle Hotel,116 Main St,Presque Isle,ME,04769,(207) 764-6504,047691-207-764-6504welcome@presqueislehotel.comalso,https://presqueislehotel.com/,Hotel,Presque Isle,Yes
Presque Isle International Airport,650 Airport Dr,Presque Isle,ME,04769,(207) 764-2550,,https://www.flypresqueisle.com/,Airport,Presque Isle,No
Presque Isle Memorial Works,396 Caribou Rd,Presque Isle,ME,04769,(207) 762-1521,,https://www.peoplebyname.com/known-numbers/207-762-1xxx,Monuments,Presque Isle,Yes
Presque Isle Pharmacy,797 Main St,Presque Isle,ME,04769,(207) 760-9100,,https://npino.com/pharmacy/1770645491-presque-isle-pharmacy/,Pharmacy,Presque Isle,Yes
Presque Isle Rehab and Nursing Center,162 Academy St,Presque Isle,ME,04769,(207) 764-0145,,https://pirnc.com/,Healthcare,Presque Isle,Yes
Presque Isle Seventh-day Adventist Church,56 Park St,Presque Isle,ME,04769,(207) 768-6251,,https://www.allbiz.com/business/presque-isle-seventh-day-adventist-207-768-6251,Religion,Presque Isle,Yes
Presque Isle Wesleyan Church,387 Centerline Rd,Presque Isle,ME,04769,(207) 764-5187,,https://umaine.edu/undiscoveredmaine/aroostook-county-maine/central-aroostook/blaine/,Religion,Presque Isle,Yes
Quiznos Sub,213 Main St,Presque Isle,ME,04769,(207) 769-2700,,https://www.quiznos.com/,Restaurant,Presque Isle,Yes
Rathbun Lumber Company,43 State St,Presque Isle,ME,04769,(207) 764-4444,,https://www.usaypage.com/painting-contractors-category/maine-presque-isle/rathbun-lumber-co-p14069.html,Hardware Store,Presque Isle,Yes
Riverside Inn Restaurant,399 Main St,Presque Isle,ME,04769,(207) 764-1447,welcome@presqueislehotel.com,https://presqueislehotel.com/restaurant/,Restaurant,Presque Isle,No
Rob's Pit Stop,253 Fort Fairfield Rd,Presque Isle,ME,04769,(207) 764-5447,robpitstop34@gmail.com,https://robspitstop.com,Restaurant,Presque Isle,No
Rodney's at 436 Main,436 Main St,Presque Isle,ME,04769,(207) 768-5321,rooms@thenortheastlandhotel.com,https://thenortheastlandhotel.com/rodneys-at-436-main/,Restaurant,Presque Isle,No
Rosella's Pizzeria,1 Academy St,Presque Isle,ME,04769,(207) 764-6644,joinusatrosellas@gmail.com,http://joinusatrosellas.wix.com,Restaurant,Presque Isle,No
Ruby Tuesday,830 Main St,Presque Isle,ME,04769,(207) 764-2874,,https://www.rubytuesday.com/,Restaurant,Presque Isle,No
S.W. Collins Co.,21 Rice St,Presque Isle,ME,04769,(207) 764-2720,marketing@swcollins.com,https://swcollins.com/,Hardware Store,Presque Isle,Yes
Save A Lot,76 Parsons St,Presque Isle,ME,04769,(207) 760-9003,,https://www.savealot.com/,Grocery Store,Presque Isle,Yes
Second Chances Thrifts and Boutique,159 State St,Presque Isle,ME,04769,(207) 227-3231,,https://umaine.edu/undiscoveredmaine/destinations/shops-services/thrift-stores/,Thrift Store,Presque Isle,Yes
Shannon's Home Style Variety,70 Academy St,Presque Isle,ME,04769,(207) 764-0713,,https://local.yahoo.com/info-26020906-shannon’s-home-style-variety-presque-isle/;_ylt=AwrFYHf9VzRqOKwC311XNyoA;_ylu=Y29sbwNiZjEEcG9zAzcEdnRpZAMEc2VjA3Ny,Convenience Store,Presque Isle,Yes
Shirley's & Harold's,9 Parsons St,Presque Isle,ME,04769,(207) 764-5174,,,Restaurant,Presque Isle,No
Shogun Japanese Restaurant,830 Main St,Presque Isle,ME,04769,(207) 540-1190,info@caribouinn.com,https://www.loringtiming.com/area-info,Restaurant,Presque Isle,No
St. Apollonia Dental Clinic,122 Academy St,Presque Isle,ME,04769,(207) 554-5045,,https://stapolloniadentalclinic.com/,Dentist,Presque Isle,Yes
St. John's Episcopal Church,52 2nd St,Presque Isle,ME,04769,(207) 764-4298,,https://www.downtownme.com/search.asp?strFunction=BuildCustomerListFromKeywords,Religion,Presque Isle,Yes
St. Mary's Catholic Church (Nativity of the BVM),6 Roberts St,Presque Isle,ME,04769,(207) 768-3671,,https://thecatholictravelguide.com/destinations/u-s-a/caribou-maine-parish-of-the-most-precious-blood/,Religion,Presque Isle,Yes
Star City IGA,247 Main St,Presque Isle,ME,04769,(207) 762-5151,,https://www.tweedieiga.com/,Grocery Store,Presque Isle,Yes
State Street Baptist Church,225 State St,Presque Isle,ME,04769,(207) 768-3041,,https://www.maine.gov/dhhs/mecdc/population-health/hmw/contact.html,Religion,Presque Isle,Yes
Steaks N' Stuff,60 State St,Presque Isle,ME,04769,(207) 762-2200,,https://www.steaksnstuffmarket.com/,Grocery Store,Presque Isle,Yes
Subway,759 Main St,Presque Isle,ME,04769,(207) 764-7225,,https://www.subway.com/,Restaurant,Presque Isle,Yes
SureStay By Best Western Presque Isle,71 Main St,Presque Isle,ME,04769,(207) 769-0111,,https://www.bestwestern.com/,Hotel,Presque Isle,Yes
TD Bank,680 Main St,Presque Isle,ME,04769,(207) 764-3791,,https://www.td.com/,Bank,Presque Isle,Yes
Taco Bell / KFC,808 Main St,Presque Isle,ME,04769,(207) 764-0734,+2unsubscribe@tacobell.commedia,https://www.tacobell.com/,Restaurant,Presque Isle,Yes
Teresa's Corner Cafe & Bakery,299 Main St,Presque Isle,ME,04769,(207) 540-1500,,https://www.restaurantji.com/me/presque-isle/teresas-corner-cafe-and-bakery-/,Restaurant,Presque Isle,No
The County Glass Shop,34 Industrial St,Presque Isle,ME,04769,(207) 764-0657,,https://www.misterwhat.com/county-glass-shop-PFqKBux288E,Glass,Presque Isle,Yes
The Cubby Thrift Store,377 Main St,Presque Isle,ME,04769,(207) 760-7070,,https://umaine.edu/undiscoveredmaine/destinations/shops-services/thrift-stores/,Thrift Store,Presque Isle,Yes
The Kitchen & Bath Shop LLC,2 Reach Rd,Presque Isle,ME,04769,(207) 769-9990,confectionatelyyours2@gmail.com,https://thekitandbathshop.com/,Kitchen & Bath,Presque Isle,Yes
The Maple Pig,710 Main St,Presque Isle,ME,04769,(207) 520-2548,,https://www.mainemaplepig.com/,Restaurant,Presque Isle,Yes
The Northeastland Hotel,436 Main St,Presque Isle,ME,04769,(207) 768-5321,rooms@thenortheastlandhotel.com,https://thenortheastlandhotel.com/,Hotel,Presque Isle,Yes
The Olde Rustic Attic,641 Main St,Presque Isle,ME,04769,(207) 764-5969,,https://umaine.edu/undiscoveredmaine/aroostook-county-maine/central-aroostook/presque-isle/presque-isle-shops-and-services/,Antiques,Presque Isle,Yes
The Sandwich Shop,222 Main St,Presque Isle,ME,04769,(207) 764-3797,,https://sandwich-shop.res-menu.com/,Restaurant,Presque Isle,No
The Sidewalk Cafe,436 Main St,Presque Isle,ME,04769,(207) 768-5321,,https://thenortheastlandhotel.com/,Coffee Shop,Presque Isle,Yes
The Sled Shop Inc.,108 Main St,Presque Isle,ME,04769,(207) 764-2900,,https://www.usaypage.com/bicycle-dealers-category/maine-presque-isle/the-sled-shop-inc-p9827.html,Powersports Dealer,Presque Isle,Yes
The Total Look,40 North St Ste 5,Presque Isle,ME,04769,(207) 764-8576,,https://totallook.wixsite.com/salon,Beauty Salon,Presque Isle,Yes
Theriault Equipment,120 Caribou Rd,Presque Isle,ME,04769,(207) 764-4405,,https://agandturf.unitedequip.com/locations/presque-isle-me/,Equipment,Presque Isle,Yes
Threads of Hope Thrift Store (Catholic Charities),830 Main St,Presque Isle,ME,04769,(207) 493-8919,,https://www.ccmaine.org/thrift-store/contact-us/e-mail-alert-registration,Religious Thrift,Presque Isle,Yes
Tim Hortons,779 Main St,Presque Isle,ME,04769,(207) 760-9158,,https://www.timhortons.com/,Restaurant,Presque Isle,Yes
TimeOut Sports Bar & Restaurant (Presque Isle Hotel),116 Main St,Presque Isle,ME,04769,(207) 776-7835,776-7835timeoutsportbargrill@gmail.comvisit,https://presqueislehotel.com/,Restaurant,Presque Isle,No
Tractor Supply,23 Houlton Rd,Presque Isle,ME,04769,(207) 764-9900,,https://www.tractorsupply.com/,Retail,Presque Isle,Yes
University of Maine at Presque Isle (UMPI),181 Main St,Presque Isle,ME,04769,(207) 768-9400,umpi-admissions@maine.edu,https://www.umpi.edu/,Education,Presque Isle,Yes
VIP Tires & Service,830 Main St,Presque Isle,ME,04769,(207) 764-3181,,https://www.vipauto.com/,Auto Service,Presque Isle,No
Vickie's Hometown Pizza,63 State St,Presque Isle,ME,04769,(207) 762-6262,vickiespizza@yahoo.com,https://www.pizzashops.info/Maine/MarsHill/,Restaurant,Presque Isle,No
Walgreens,320 Main St,Presque Isle,ME,04769,(207) 764-5221,epc.consumerrelations@walgreens.com,https://www.walgreens.com/,Pharmacy,Presque Isle,Yes
Walmart Pharmacy,781 Main St,Presque Isle,ME,04769,(207) 764-6935,,https://www.walmart.com/,Pharmacy,Presque Isle,Yes
Walmart Supercenter,781 Main St,Presque Isle,ME,04769,(207) 764-8485,,https://www.walmart.com/,Grocery Store,Presque Isle,Yes
White Smiles Family Dentistry,1 North St,Presque Isle,ME,04769,(207) 760-7216,,https://www.whitesmilesfamilydentistry.com/,Dentist,Presque Isle,Yes
Wilder's Jewelry Store,407 Main St,Presque Isle,ME,04769,(207) 764-0309,,https://us-jeweler.com/company-wilders-jewelry-store-in-presque-isle-me-39833,Jewelry Store,Presque Isle,Yes
Winnie's Restaurant & Dairy,79 Parsons St,Presque Isle,ME,04769,(207) 769-4971,,https://claritycheck.com/207-769,Restaurant,Presque Isle,No
Aroostook Hospitality Inn,23 Langille St,Washburn,ME,04786,(207) 455-8567,,https://visitmaine.com/organization/aroostook-hospitality-inn/6698/,Lodging,Washburn,Yes
Cafe Sorpresso,26 Rum Rapids Rd,Washburn,ME,04786,(207) 455-8096,,https://cafesorpreso.com,Restaurant,Washburn,No
Dollar General,6 Gardner Creek Rd,Washburn,ME,04786,(207) 573-0124,,https://www.dollargeneral.com,Retail,Washburn,Yes
First Baptist Church of Washburn,1268 Main St,Washburn,ME,04786,(207) 455-4839,,https://www.telephonedirectories.us/Business/Churches_Baptist/ME,Religion,Washburn,Yes
Katahdin Trust Company,1282 Main St,Washburn,ME,04786,(207) 455-8141,,https://bankopenhours.com/maine/washburn/,Bank,Washburn,Yes
Krispy Krunchy Chicken,1094 Washburn Rd,Washburn,ME,04786,(207) 455-8200,,https://www.krispykrunchy.com/,Restaurant,Washburn,No
Lidstone Memorial United Methodist Church,25 Hines St,Washburn,ME,04786,(207) 455-4726,,https://www.umc.org/en/find-a-church/church?id=001Um00000PFM8GIAX,Religion,Washburn,Yes
Sally's Beauty Salon,59 Cross Rd,Washburn,ME,04786,(207) 455-4059,,https://umaine.edu/undiscoveredmaine/aroostook-county-maine/central-aroostook/washburn/,Beauty Salon,Washburn,Yes
St. Catherine Catholic Church,13 McManus St,Washburn,ME,04786,(207) 435-3591,,https://catholicmasstime.org/church/st-mark/15015/,Religion,Washburn,Yes
Washburn Coffee Shop,1279 Main St,Washburn,ME,04786,(207) 455-4062,,https://umaine.edu/undiscoveredmaine/aroostook-county-maine/central-aroostook/washburn/,Coffee Shop,Washburn,Yes
Washburn Family Practice,18 School St,Washburn,ME,04786,(207) 455-4750,,https://pineshealth.org/,Healthcare,Washburn,Yes
Washburn Food Mart,1284 Main St,Washburn,ME,04786,(207) 455-8057,,https://countryfarmsmkt.com,Convenience Store,Washburn,Yes
Washburn Memorial Public Library,1290 Main St,Washburn,ME,04786,(207) 455-4814,libbrown625@hotmail.com,https://washburnlibrary.com,Library,Washburn,Yes
Washburn Pentecostal Church,1202 Main St,Washburn,ME,04786,(207) 455-4633,,https://www.churchfinder.com/churches/me/washburn,Religion,Washburn,Yes
Washburn Post Office,9 Woodman St,Washburn,ME,04786,(207) 455-4987,,https://usps.com,Post Office,Washburn,Yes
Washburn Recreation,25 School St,Washburn,ME,04786,(207) 455-4959,,https://www.washburnmaine.org/town-services/recreation-center/,Recreation,Washburn,Yes
Washburn Schools,15 School St,Washburn,ME,04786,(207) 455-4501,,https://msad45.net,School District,Washburn,No
Washburn Town Office,22 School St,Washburn,ME,04786,(207) 455-4111,,https://www.washburnmaine.org/town-services/property-tax-collection/,Government,Washburn,No
White's Service,1183 Main St,Washburn,ME,04786,(207) 455-8345,,https://localmechanics.net/Maine/,Auto Repair,Washburn,No
Richardson Remedies,719 Main St,Presque Isle,ME,04769,(207) 760-7202,,https://www.richardsonremedies.com,Cannabis Dispensary,Presque Isle,Yes
Full Bloom Cannabis,483 Main St,Presque Isle,ME,04769,(207) 760-7586,,https://www.fullbloomcannabis.com,Cannabis Dispensary,Presque Isle,Yes
Cloud 9,28 Houlton Rd,Presque Isle,ME,04740,(207) 540-1043,,,Cannabis Dispensary,Presque Isle,Yes
Northern Maine Flower,540 Main St,Presque Isle,ME,04769,(207) 760-7015,,,Cannabis Dispensary,Presque Isle,Yes
Star City Wellness,694 Main St,Presque Isle,ME,04769,(207) 540-1045,,http://starcitywellnesspi.com,Cannabis Dispensary,Presque Isle,Yes
Richardson Remedies,9 Bog Rd,Caribou,ME,04736,(207) 493-1181,,https://www.richardsonremedies.com,Cannabis Dispensary,Caribou,Yes
Safe Alternatives,1137 Presque Isle Rd,Caribou,ME,04736,(207) 492-2651,,https://safealternativesmaine.com,Cannabis Dispensary,Caribou,Yes
Big Rock Ski Area,37 Graves Rd,Mars Hill,ME,04758,(207) 425-6711,info@bigrockmaine.com,https://bigrockmaine.com,Ski Area,Mars Hill,Yes
Starbucks,23 University Dr,Presque Isle,ME,04769,(207) 768-9774,,,Coffee Shop,Presque Isle,Yes
